Deposition Time,Operation Time,Mat,Proc#,Rs,Tc,RRR,Substrate T,Ar,N2,U,dU,power,w_p,substrate_id
70,79,NbN/Si,3457,882,7.4,0.72,320,40,18,364,80,231,4,2
60,85,NbN/Si,3456,925,4.2,0.56,320,40,15,368,null,null,null,2
60,85,NbN/Si,3455,938,7.6,0.73,320,40,15,374,65,222,3.9,2
60,61,NbN/Si,3394,731,6.8,0.84,500,40,5,349,30,null,null,2
60,62,NbN/Si,3393,1027,7.4,0.66,500,40,15,null,null,null,null,2
60,62,NbN/Si,3392,1136,6.6,0.62,500,40,15,364,74,236,4,2
60,63,NbN/Si,3391,1100,5.9,0.66,500,40,7,353,44,168,3.6,2
60,63,NbN/Si,3390,858,8.2,0.74,500,40,15,364,71,234,3.9,2
192,66,NbN/Si,3389,282,9.7,0.73,500,40,15,370,73,232,4,2
54,67,NbN/Si,3388,1077,5.7,0.63,500,40,10,370,53,219,3.7,2
50,67,NbN/Si,3387,809,7,0.78,500,40,7,370,39,211,3.5,2
34,72,NbN/Si,3382,1390,4.8,0.55,500,40,7,374,45,208,3.5,18
55,76,NbN/Si,3379,726,6.9,0.78,0,40,6,375,44,201,3.5,2
75,34,NbN/Si,3378,663,7.5,0.82,320,40,15,375,89,222,4,2
75,null,NbN/Si,3377,694,8.8,0.78,500,40,15,374,92,219,3.9,2
58,77,NbN/Si,3375,1161,6.4,0.64,500,40,15,null,null,null,null,2
63,78,NbN/Si,3372,787,8.4,0.76,500,40,15,null,null,null,null,2
69,87,NbN/Si,3366,1187,5.9,0.61,500,40,18,388,103,211,4.1,2
52,89,NbN/Si,3365,1287,6.4,0.66,500,40,15,387,88,199,3.9,2
65,92,NbN/Si,3359,852,8.6,0.76,500,40,15,388,80,194,4,2
65,13,NbN/Si,3352,235,10,0.9,0,40,6,null,null,null,2,18
65,14,NbN/Si,3350,303,6.7,0.88,0,40,6,null,null,null,null,20
65,14,NbN/Si,3349,320.5,7.65,0.855,0,40,6,341,25,280,7.2,20
65,14,NbN/Si,3348,336.5,7.9,0.83,0,40,6,null,null,null,null,20
65,14,NbN/Si,3347,408.5,9.25,0.81,0,40,6,341,null,null,null,20
65,23,NbN/Si,3343,812,7.9,0.74,500,40,15,343,70,316,3.9,2
65,27,NbN/Si,3330,541,9,0.83,500,15,40,348,78,327,2.8,2
60,null,NbN/Si,3325,593,9,0.79,null,null,null,null,null,null,null,2
60,48,NbN/Si,3313,532,9.8,0.83,500,40,15,354,73,306,3.9,1
73,58,NbN/Si,3300,624,9,0.83,500,40,15,358,73,255,3.9,2
50,59,NbN/Si,3297,551,9.3,0.85,500,40,15,375,63,348,3.9,2
70,60,NbN/Si,3294,592,8.1,0.8,320,40,15,368,72,300,3.8,2
55,62,NbN/Si,3293,741,7.7,0.78,320,40,15,371,68,298,3.9,2
55,62,NbN/Si,3292,732,8.2,0.78,230,40,15,372,68,299,3.9,2
150,67,NbN/Si,3290,247,9.5,0.9,500,40,15,370,70,296,3.9,2
47,38,NbN/Si,3263,823,8.3,0.74,500,40,15,350,68,310,3.9,2
640,40,NbN,3262,244,9.4,0.54,500,40,6,352,20,273,3.4,2
78,47,NbN/Si,3254,849,5.5,0.56,500,40,20,355,82,317,4.1,2
60,48,NbN/Si,3253,742,7.2,0.67,500,40,15,357,67,303,3.9,2
52,52,NbN,3251,826,8.7,0.71,500,40,15,358,67,301,3.9,2
55,54,NbN,3250,809,8.7,0.82,500,40,15,360,66,299,3.9,2
60,null,NbN,3247,498,9.5,0.83,500,40,15,null,null,null,null,2
60,67,NbN/Si,3246,667,8.9,0.83,500,40,15,387,65,306,3.8,2
62,84,NbN/Si,3226,602,8.1,0.76,320,40,16,416,65,281,2.6,2
null,null,NbN/Si,3225,801,8,0.79,null,null,null,null,null,null,null,2
45,86,NbN/Si,3224,647,9.5,0.85,500,40,15,400,73,273,3.8,2
48,86,NbN/Si,3222,715,7.8,0.78,320,40,14,413,53,263,2.6,2
37,87,NbN/Si,3221,889,8.1,0.78,500,40,15,null,null,null,null,2
625,92,NbN,3212,45,13.3,0.81,0,40,6,407,25,231,3.4,2
82,96,NbN,3208,350,11,0.89,570,40,15,404,80,254,3.9,2
80,41,NbN,3207,498,9.6,0.81,572,40,15,350,61,302,3.8,2
80,42,NbN,3206,525,10.7,0.81,430,40,15,352,58,300,3.8,2
80,44,NbN,3205,457,9.3,0.79,423,40,15,353,60,300,3.9,2
75,45,NbN,3204,611,10,0.8,423,40,15,353,61,298,3.9,2
75,47,NbN,3203,540,9.9,0.81,425,40,15,353,60,297,3.9,2
75,48,NbN,3202,527,10.5,0.84,425,40,15,357,60,296,3.9,2
75,50,NbN,3199,535,10.5,0.81,500,40,15,355,58,296,3.8,2
66,50,NbN,3197,658,9.9,0.78,500,40,15,355,59,296,3.8,2
80,null,NbN,3182,552,8.2,0.68,null,null,null,null,null,null,null,2
80,58,NbN,3181,512,9.1,0.74,430,40,11,364,44,282,3.6,2
80,59,NbN,3179,809,5.1,0.53,430,40,11,null,null,null,null,2
42,null,NbN/Si,3152,725,6.2,0.82,null,null,null,null,null,null,null,2
65,79,NbN/Si,3150,470,7.7,0.88,0,40,6,385,35,260,5.2,2
42,84,NbN/Si,3143,840,8.8,0.79,500,40,15,387,70,270,3.8,2
35,46,NbN/Si,3124,1022,8,0.75,500,40,15,355,65,302,3.8,2
63,46,NbN/Si,3123,456,10.4,0.89,500,40,15,355,65,302,3.8,2
43,48,NbN/Si,3120,719,9,0.8,500,40,15,353,67,299,714,2
55,50,NbN,3118,506,8,0.86,230,40,10,354,43,282,3.6,2
70,50,NbN,3117,472,10.6,0.85,500,40,15,357,65,300,3.8,2
85,56,NbN/Si,3107,504,7.7,0.81,230,40,15,360,69,298,7.8,56
57,61,NbN/Si,3103,515,10.2,0.81,500,40,15,367,65,294,3.9,2
170,66,NbN,3099,219,10.5,0.81,0,40,6,372,27,266,3.5,2
224,69,NbN/Si,3097,166,5.715,7.6,500,40,18,375,79,297,8.2,20
51,71,NbN/Si,3096,644,8.649999999999999,0.8200000000000001,500,40,15,378,66,290,7.8,4
178,72,NbN/Si,3095,152,11.9,0.86,500,40,12,376,61,284,3.8,2
192,73,NbN/Si,3094,136,12.95,0.8600000000000001,500,40,14,375,71,287,8.4,20
150,73,NbN/Si,3093,143,7.1,0.94,500,40,6,377,26,259,3.4,2
160,75,NbN/Si,3092,119.5,11.2,0.925,500,40,8,378,38,263,7,20
170,75,NbN/Si,3091,113,12.55,0.94,500,40,10,378,52,271,7.2,20
85,88,NbN,3081,398,10.6,0.87,500,40,15,390,76,266,3.9,2
33,90,NbN/Si,3079,1284,6.3,0.68,500,40,19,390,94,268,4.1,2
30,93,NbN/Si,3077,1603,4.9,0.66,500,40,15,390,83,257,3.9,2
125,92,NbN/Si,3076,277,10.6,0.93,500,40,15,391,84,257,4,2
140,94,NbN/Si,3074,275,10,0.88,430,40,15,391,84,252,3.9,2
185,94,NbN/Si,3073,216,9.8,0.83,430,40,15,394,81,252,3.9,2
70,42,NbN/Si,3050,684,7,0.73,0,40,15,343,71,296,4,2
44,42,NbN/Si,3049,709,8.5,0.87,570,40,15,343,70,300,4,110
47,45,NbN/Si,3048,574,9.8,0.87,570,40,15,343,70,298,4,2
70,48,NbN/Si,3046,720,6.7,0.74,0,40,15,344,72,298,4.1,2
50,48,NbN/Si,3045,511,6.7,0.88,0,40,6,344,24,263,3.6,2
58,50,NbN,3043,620,9.8,0.81,570,40,15,347,73,299,4,2
56,52,NbN/Si,3042,514,10.2,0.88,570,40,15,349,70,296,4,108
44,52,NbN/Si,3041,830,8.5,0.75,570,40,15,348,72,295,4,108
630,54,NbN,3040,37,13.1,1.1,0,40,6,350,24,263,3.5,2
47,55,NbN/Si,3039,723,9.3,0.82,570,40,15,353,69,296,4,18
43,55,NbN/Si,3038,729,9.32,0.82,570,40,15,353,69,296,4,108
38,56,NbN/Si,3037,801,8.9,0.82,570,40,15,356,63,294,4,108
52,56,NbN/Si,3036,505,10.2,0.91,570,40,15,358,61,293,4,110
52,64,NbN/Si,3023,912,7.6,0.67,530,40,20,365,81,301,3.9,2
52,64,NbN/Si,3022,869,7.3,0.65,570,40,15,365,67,291,3.9,2
52,65,NbN/Si,3021,541,9.3,0.81,570,40,10,367,46,275,4,2
52,65,NbN/Si,3020,717,9.4,0.79,570,40,20,368,83,300,4,2
52,66,NbN/Si,3019,549,10.1,0.85,570,40,15,368,67,289,3.9,2
52,67,NbN/Si,3018,447,9.9,0.88,530,40,10,370,46,277,4,2
600,69,NbN,3017,55,13.5,0.79,0,40,6,372,27,264,3.5,2
35,79,NbN/Si,3011,1050,7.6,0.76,570,40,15,381,77,280,4,2
38,80,NbN/Si,3010,542,10.1,0.82,570,40,15,382,76,281,4,18
53,87,NbN,3004,731,9.9,0.8,570,40,15,387,78,268,4,2
63,87,NbN,3003,606,10.3,0.83,570,40,15,387,78,268,4,2
76,89,NbN,3001,493,10.7,0.82,570,40,15,386,79,264,4,2
91,91,NbN,3000,394,11.05,0.83,570,40,15,382,84,259,8,4
46,27,NbN/Si,2977,1500,3.8,0.37,570,40,15,333,47,294,6.5,18
62,38,NbN/Si,2973,715,9.1,0.73,570,40,15,336,54,288,7.1,2
62,40,NbN/Si,2972,615,10,0.82,570,40,15,336,54,284,7.2,2
62,40,NbN/Si,2971,750,9.2,0.8,570,40,20,335,73,297,7,2
41,41,NbN/Si,2970,971.5,7.5,0.74,570,40,15,337,60,289,13,209
62,42,NbN/Si,2969,560,10.1,0.83,570,40,15,336,61,290,6.5,2
54,43,NbN/Si,2968,644,9.8,0.83,570,40,15,337,63,290,6.6,2
54,44,NbN/Si,2967,407,10.4,0.88,570,40,15,337,85,306,2.7,2
54,45,NbN/Si,2966,731,8,0.7,570,40,17,339,73,299,4.1,2
50,45,NbN/Si,2965,836,7.5,0.65,570,40,15,341,67,295,4,2
38,48,NbN/Si,2964,845,7.7,0.78,570,40,15,343,64,292,3.9,105
72,52,NbN/Si,2963,381,10.6,0.89,570,40,15,343,65,289,4,2
38,54,NbN/Si,2961,830,8.5,0.79,570,40,15,346,66,289,4,97
45,55,NbN/Si,2959,696,9.3,0.79,570,40,15,347,66,289,4,2
47,57,NbN/Si,2958,837,7.6,0.69,570,40,13,347,58,274,3.9,2
47,57,NbN/Si,2957,763,9,0.8,570,40,15,347,67,281,4,2
78,59,NbN/Si,2956,480,9.6,0.73,570,40,15,346,72,283,3.9,2
47,59,NbN/Si,2955,837,7.6,0.66,570,40,15,347,71,283,3.9,2
47,61,NbN/Si,2954,635,8.7,0.82,430,40,15,350,66,282,4,103
47,68,NbN/Si,2952,623,9.2,0.82,430,40,15,354,71,275,4.1,2
47,null,NbN/Si,2951,630,9.1,0.81,430,40,13,355,63,271,3.9,2
60,70,NbN/Si,2950,511,9.4,0.83,430,40,13,355,65,272,3.9,2
60,74,NbN/Si,2949,395,9.5,0.89,430,40,11,356,55,267,3.8,2
60,74,NbN/Si,2947,636,7.5,0.8,0,40,11,356,56,258,3.8,2
60,75,NbN/Si,2945,704,7.2,0.75,0,40,11,358,55,258,3.8,2
47,76,NbN/Si,2944,550,6.6,0.88,0,40,6,null,null,null,null,54
55,89,NbN/Si,2929,358,11.9,0.88,500,40,11,368,56,259,3.7,18
300,91,NbN/Si,2927,1950,0,0.31,430,40,3,281,66,38,3.3,2
130,91,NbN/Si,2926,3473,0,0.39,430,40,3,281,63,37,3.4,2
42,93,NbN/Si,2925,755,8.5,0.78,430,40,11,372,54,261,7.4,103
53,93,NbN/Si,2924,476,10.2,0.84,430,40,11,374,55,262,3.7,2
50,95,NbN/Si,2923,500,9.4,0.81,600,40,11,377,55,264,3.7,18
120,97,NbN/Si,2921,181.5,12.6,0.825,600,40,11,386,54,269,7.4,20
60,36,NbN/Si,2918,719,8.6,0.8,400,40,5,312,38,142,3.5,2
27,41,NbN/Si,2913,1283,6.5,0.64,400,40,11,337,65,330,5,2
25,42,NbN/Si,2912,1250,6.7,0.66,400,40,11,343,59,330,3.8,2
27,44,NbN/Si,2911,1102,7.3,0.72,400,40,11,342,58,309,7.6,20
30,44,NbN/Si,2910,1400,5.6,0.51,400,40,11,337,63,282,3.8,101
35,46,NbN/Si,2909,1035,7.4,0.69,400,40,11,338,62,282,3.8,101
42,46,NbN/Si,2908,871,8,0.65,400,40,11,338,64,283,3.8,101
32,49,NbN/Si,2906,905,6.3,0.75,400,40,11,341,61,283,3.8,2
32,52,NbN/Si,2905,1115,7,0.68,400,40,11,341,61,282,3.8,2
70,52,NbN,2902,1068,5.1,0.57,0,40,10,334,66,283,5.7,2
32,53,NbN/Si,2901,1150,6.9,0.72,400,40,11,344,60,284,3.8,2
36,53,NbN/Si,2900,885,8,0.72,400,40,11,345,60,284,3.8,2
70,55,NbN/Si,2899,889,6.8,0.56,400,40,20,343,104,315,6.2,2
110,55,NbN/Si,2898,570,8.2,0.7,400,40,11,343,69,291,6.2,2
60,59,NbN/Si,2895,706,8,0.64,400,40,11,349,69,294,6.2,18
55,60,NbN/Si,2894,800,7.800000000000001,0.615,400,40,11,349,68,294,12.4,20
70,61,NbN/Si,2893,533,8.8,0.68,150,40,11,353,57,289,3.8,72
47,63,NbN/Si,2891,1348,4.8,0.66,0,40,10,347,64,251,5.7,2
47,64,NbN/Si,2890,1135,5.7,0.71,0,40,10,347,null,null,5.7,2
43,64,NbN/Si,2889,1054,6.3,0.76,0,40,8,347,59,246,5.5,2
40,64,NbN/Si,2888,960,6.3,0.77,0,40,6,null,null,null,null,2
63,65,NbN/Si,2887,547,7.7,0.84,0,40,6,349,42,239,5.4,72
40,66,NbN/Si,2886,994,7.3,0.63,400,40,11,359,72,303,6.2,2
50,67,NbN/Si,2885,780,8.2,0.65,400,40,11,360,72,304,6.1,2
50,67,NbN/Si,2884,847,7.6,0.62,400,40,11,361,73,305,6.2,2
65,69,NbN/Si,2883,615,8.8,0.69,400,40,11,361,72,307,6.2,2
65,69,NbN/Si,2882,490,9.7,0.75,400,40,11,365,66,303,4.9,2
67,71,NbN/Si,2880,980,5.3,0.58,280,40,10,355,64,230,3.7,98
100,72,NbN,2879,613,7.9,0.66,100,40,10,356,64,231,3.7,2
90,73,NbN,2878,530,9.1,0.7,250,40,10,358,64,232,3.8,2
73,73,NbN/Si,2877,660,8.2,0.69,280,40,10,359,63,232,3.8,98
90,75,NbN/Si,2875,570,8.2,0.75,280,40,10,360,62,231,3.7,98
90,76,NbN/Si,2874,541,8.2,0.77,280,40,10,360,62,231,3.7,2
52,78,NbN,2872,678,9.1,0.75,400,40,11,367,63,263,3.8,2
130,78,NbN/Si,2871,398,9,0.68,40,40,11,358,67,212,3.8,97
55,80,NbN/Si,2868,929,7.6,0.66,400,40,11,360,69,214,3.7,2
43,82,NbN/Si,2865,707,8.9,0.75,400,40,11,372,61,266,3.7,99
50,84,NbN/Si,2863,678,9,0.71,400,40,11,372,61,265,3.7,2
55,86,NbN/Si,2861,715,6.9,0.765,400,40,11,374,61,266,7.6,20
55,86,NbN/Si,2860,444,11.05,0.7250000000000001,400,40,11,373,63,267,7.6,20
55,86,NbN/Si,2859,470.5,10.75,0.7949999999999999,400,40,11,372,64,267,7.4,20
84,90,NbN/Si,2855,378,9.3,0.82,0,40,8,378,48,261,4.8,2
84,90,NbN/Si,2854,488,7.5,0.76,0,40,8,425,0,261,4.8,2
65,91,NbN/Si,2853,842,7.7,0.6,400,40,11,365,78,271,6.1,2
65,92,NbN/Si,2852,590,8.8,0.68,400,40,11,379,69,274,4.8,2
65,94,NbN/Si,2851,388,10.9,0.85,400,40,11,378,52,263,3.1,2
65,94,NbN/Si,2850,352,11.3,0.81,400,40,11,391,44,266,2.7,2
77,30,NbN,2830,563,10,0.74,400,40,11,327,60,237,3.7,2
80,31,NbN,2829,561,9.9,0.73,400,40,11,327,60,237,3.7,2
80,31,NbN,2828,600,9.6,0.71,400,40,11,326,61,237,3.8,2
75,32,NbN,2827,595,10.2,0.74,500,40,11,328,60,237,3.8,100
75,33,NbN,2826,634,9.2,0.71,400,40,11,328,60,237,3.7,100
75,34,NbN,2825,750,8.2,0.66,300,40,11,328,60,237,3.7,100
73,35,NbN,2824,670,9,0.68,400,40,11,328,60,237,3.7,2
55,35,NbN/Si,2823,818,7.8,0.68,400,40,11,328,60,237,3.7,98
55,36,NbN/Si,2822,918,7,0.63,400,40,11,330,58,237,3.7,98
90,38,NbN/Si,2821,425,9.7,0.79,400,40,11,330,58,237,3.8,97
90,40,NbN/Si,2819,402,10.5,0.79,400,40,11,331,59,239,3.7,97
58,41,NbN/Si,2818,676,8.7,0.72,400,40,11,332,58,239,3.7,100
63,42,NbN/Si,2817,603,8.7,0.74,400,40,11,332,58,239,3.6,98
60,43,NbN/Si,2816,691,8.4,0.71,400,40,11,333,57,239,3.7,98
84,46,NbN/Si,2813,607,8.1,0.68,250,40,11,333,57,239,3.7,54
84,46,NbN/Si,2812,576,8.6,0.7,250,40,11,333,58,239,3.7,54
84,47,NbN/Si,2811,408,8.9,0.86,0,40,6,328,35,222,5.3,54
84,47,NbN,2810,461,9,0.85,0,40,6,328,35,222,5.3,2
100,47,NbN,2809,359,9.5,0.87,0,40,6,328,35,222,5.3,54
70,49,NbN,2808,564,8.4,0.84,0,40,6,331,36,224,5.3,2
100,49,NbN,2807,352,9.6,0.87,0,40,6,331,35,224,5.3,2
140,49,NbN,2806,229,10,0.89,0,40,6,333,35,224,5.3,2
180,50,NbN,2805,260,10.5,0.86,0,40,6,319,44,222,7.9,2
180,50,NbN,2804,204,10.6,0.87,0,40,6,330,38,225,6.4,2
180,51,NbN,2803,167,10.6,0.9,0,40,6,334,34,225,5.3,2
180,51,NbN,2802,152,10,0.9,0,40,6,337,30,224,4,2
180,51,NbN,2801,158,10.3,0.9,0,40,6,337,31,225,4.5,2
180,52,NbN,2800,130,9.8,0.9,0,40,6,359,11,226,2.8,2
180,52,NbN,2799,240,8.7,0.84,0,40,12,351,49,245,3.3,2
180,53,NbN,2798,298,7.7,0.8,0,40,15,352,61,253,3.5,2
180,54,NbN,2797,308,7.6,0.81,0,40,15,344,68,252,3.9,2
180,54,NbN,2796,247,8.5,0.86,0,40,12,343,57,245,3.8,2
180,55,NbN,2795,186,9.5,0.88,0,40,9,345,41,236,3.6,2
180,55,NbN,2794,135,9.8,0.91,0,40,6,344,24,225,3.4,2
180,55,NbN,2793,100,8.6,0.92,0,40,3,344,5,213,3.3,2
36,56,NbN/Si,2791,1161,6,0.52,300,40,11,343,55,243,3.7,2
180,58,NbN,2787,248,8.9,0.84,0,40,11,347,53,null,null,2
180,58,NbN,2786,219,9.3,0.84,0,40,11,347,53,244,3.7,2
180,63,NbN,2759,301.5,8.8,0.835,0,40,11,355,50,249,7.4,20
180,63,NbN,2758,208.5,9.4,0.855,0,40,11,358,50,250,7.6,20
36,66,NbN/Si,2757,1173,6.35,0.63,300,40,11,357,57,253,7.4,26
29,66,NbN,2756,1685,4.85,0.585,300,40,11,357,59,255,7.4,26
110,null,NbN/Si,2755,364,13.25,0.755,500,40,11,358,60,256,7.4,192
22,68,NbN/Si,2754,1967,4.15,0.545,500,40,11,358,50,256,7.4,26
16,70,NbN/Si,2753,2500,2,0.5,500,40,11,359,61,257,3.7,2
45,70,NbN/Ti,2752,1098,5.7,0.64,0,40,11,359,61,258,3.7,18
45,72,NbN/Si,2751,807,7.6,0.73,150,40,11,363,59,258,3.7,18
45,72,NbN/Si,2750,614,9.1,0.77,300,40,11,364,59,259,3.7,18
45,73,NbN/Ti,2749,535,10.3,0.8,400,40,11,365,58,259,3.7,18
45,75,NbN/Si,2748,564,10.4,0.81,500,40,11,367,56,259,7.4,20
53,75,NbN,2747,670,9.3,0.73,400,40,11,368,57,260,3.7,94
55,76,NbN/Si,2746,490,9,0.85,400,40,11,368,58,261,3.7,94
60,77,NbN,2745,503,10.1,0.82,400,40,11,369,56,260,3.7,2
77,82,NbN,2743,770,7.5,0.6,350,40,10,370,55,221,3.7,2
90,84,NbN,2742,524,9.3,0.73,350,40,10,372,53,221,3.6,2
90,84,NbN,2741,515,9.3,0.73,400,40,10,372,54,221,3.7,2
200,87,NbN,2739,123,12.9,0.97,500,40,13,376,71,274,3.8,2
172,88,NbN,2737,130,13.4,0.95,500,40,9,379,44,259,3.6,18
180,90,NbN,2735,109.5,14.05,0.9299999999999999,600,40,11,379,58,267,7.6,20
50,93,NbN,2732,642.3333,10.833333333333334,0.7066666666666667,500,40,11,381,56,267,11.100000000000001,116
180,63,NbN,2729,215.5,9.6,0.83,0,40,11,376,51,260,7.4,20
45,64,NbN/Ti,2726,575,9.6,0.8,500,40,11,377,53,263,3.7,2
50,66,NbN/Ti,2724,568.5,10.5,0.77,500,40,11,379,55,265,7.4,4
60,68,NbN,2723,552.5,8.600000000000001,0.81,0,40,11,435,0,266,5.4,20
60,69,NbN,2721,670,8.5,0.8400000000000001,0,40,11,385,53,268,7.6,20
23,71,NbN/Ti,2710,1233,6.3,0.63,500,40,11,387,61,274,3.7,2
37,73,NbN/Ti,2705,624,8.7,0.81,500,40,11,390,63,277,3.7,92
60,75,NbN,2704,550,7.9,0.81,0,40,11,393,60,278,3.7,2
51,76,NbN,2703,490,10.2,0.78,720,40,11,394,63,280,3.7,95
60,77,NbN,2702,495,8.1,0.82,0,40,11,398,58,279,3.7,2
47,78,NbN/Ti,2700,430,7.7,0.86,500,40,11,399,62,283,3.7,92
60,80,NbN,2699,470,8.3,0.83,0,40,11,403,56,281,3.7,2
54,81,NbN,2698,445,10.266666666666666,0.8333333333333334,500,40,11,404,61,285,11.100000000000001,286
50,84,NbN,2695,544.5,10.899999999999999,0.7525,500,40,11,411,56,286,14.8,212
90,87,NbN,2693,780,5.3,0.52,400,40,10,null,null,null,null,93
90,90,NbN,2690,670,7.6,0.67,400,40,10,390,62,197,3.7,2
60,93,NbN,2687,475,10,0.87,400,40,11,408,null,null,null,95
65,94,NbN,2686,452.5,10,0.87,400,40,11,408,67,254,7.4,26
70,96,NbN,2685,360,9.4,0.86,400,40,10,413,61,253,3.7,2
152,38,NbN,2671,490,7.8,0.63,200,40,10,338,59,260,3.6,54
82,49,NbN,2662,773,7.4,0.64,360,40,10,344,58,246,null,2
210,null,NbN,2661,385,7.6,0.58,360,40,20,347,100,274,4,2
180,53,NbN,2660,400,8,0.61,360,40,15,348,83,263,4.9,2
90,56,NbN,2659,660,7.6,0.65,360,40,10,350,58,250,3.6,90
117,null,NbN,2658,452,8.9,0.7,360,40,10,253,55,250,3.6,88
75,59,NbN,2657,752,7.8,0.68,360,40,8.5,353,48,237,3.6,90
78,59,NbN,2656,860,7.5,0.63,360,40,10,355,56,243,3.5,90
82,60,NbN,2654,780,7.3,0.71,360,40,11.5,356,64,245,3.6,90
82,62,NbN,2653,620,8.3,0.69,360,40,11.5,358,64,246,3.6,2
78,64,NbN,2651,660,8.1,0.68,360,40,8.5,358,51,228,3.6,2
78,64,NbN,2650,404,9,0.75,360,40,8.5,358,53,229,3.6,18
82,70,NbN,2646,820,6,0.61,360,40,10,364,62,238,3.6,90
78,71,NbN,2645,580,8.8,0.71,360,40,8.5,366,54,234,3.6,90
60,72,NbN/Ti,2644,542,7.5,0.75,360,40,11,371,67,268,3.7,2
45,74,NbN/Ti,2643,706,6.1,0.81,360,40,11,374,64,268,3.7,2
45,75,NbN/Ti,2642,976,7.5,0.71,360,40,11,376,64,269,3.6,2
45,75,NbN/Ti,2641,1037,7.3,0.65,360,40,10,370,62,197,3.6,2
72,77,NbN,2640,670,8.7,0.73,360,40,8.5,372,53,227,3.5,2
82,78,NbN,2639,761,7.4,0.65,360,40,11.5,372,71,237,3.6,2
100,83,NbN/Ti,2635,500,7.8,0.68,250,40,10,382,56,234,3.6,2
120,83,NbN/Ti,2634,435,8.3,0.69,250,40,10,382,56,234,7,56
35,85,NbN/Ti,2631,2000,3.4,0.42,400,40,10,382,60,236,3.6,90
35,88,NbN/Ti,2629,1100,6.4,0.69,360,40,10,382,65,238,3.6,2
68,89,NbN,2628,680,8.5,0.72,360,40,10,384,63,239,3.7,2
70,90,NbN,2627,527,9.2,0.76,360,40,10,383,63,238,3.6,2
90,95,NbN,2626,530,8.3,0.74,250,40,10,390,65,243,3.6,2
58,14,NbN,2618,680,8.5,0.74,360,40,10,348,50,335,3.7,87
70,15,NbN/Ti,2617,410,9.7,0.77,360,40,10,349,51,336,3.6,2
70,17,NbN/Ti,2616,394,7.3,0.75,360,40,10,348,51,335,3.6,2
70,17,NbN,2615,435,9.3,0.73,360,40,10,349,51,336,3.6,2
70,20,NbN,2612,662,7.3,0.65,360,40,10,347,53,306,3.6,2
47,23,NbN,2605,1269.5,4.5,0.45999999999999996,360,40,10,347,53,306,7.2,20
1389,33,NbN,2602,20,13.3,0.74,360,40,10,352,52,309,3.7,18
69,37,NbN,2601,340,11.7,0.83,360,40,10,352,53,310,3.6,18
694,38,NbN,2600,37,12.9,0.8,360,40,10,354,53,311,3.7,18
139,40,NbN,2599,149,12.6,0.85,360,40,10,355,53,312,3.7,18
417,41,NbN,2598,56,13.2,0.83,360,40,10,355,53,313,3.7,18
70,49,NbN,2593,405,10,0.8,360,40,10,361,52,316,3.6,2
75,50,NbN,2592,405,9.9,0.78,360,40,11,363,57,321,3.7,2
80,52,NbN,2591,440,8.6,0.68,360,40,12,365,60,325,3.8,2
80,54,NbN,2590,308.5,11.4,0.86,380,40,12,363,62,303,7.6,20
43,54,NbN/Ti,2588,790,7.2,0.66,360,40,12,365,60,303,3.8,89
80,56,NbN/Ti,2587,379.6667,9.299999999999999,0.77,360,40,12,366,61,306,11.399999999999999,103
80,57,NbN/Ti,2586,430,7.9,0.74,360,40,12,367,62,306,3.8,83
70,58,NbN,2585,364,11.3,0.8500000000000001,360,40,12,369,60,306,7.6,20
70,95,NbN,2583,519,9.45,0.71,360,40,11,368,55,280,7.4,20
73,61,NbN,2582,659,7.7,0.66,360,40,10,367,51,256,3.7,2
73,61,NbN,2581,960,6.199999999999999,0.495,400,40,10,369,51,265,7.4,91
73,null,NbN,2580,590,8.5,0.67,400,40,10,370,51,258,3.6,2
73,64,NbN,2579,574,8.6,0.68,400,40,10,371,51,258,3.6,2
73,65,NbN,2578,720,6.7,0.55,400,40,10,374,50,259,3.6,2
73,66,NbN,2577,660,6.4,0.59,400,40,8,375,38,253,3.6,2
73,67,NbN,2576,720,7,0.7,400,40,10,376,50,261,3.7,89
71,68,NbN,2575,320,8.2,0.925,500,40,6,377,29,250,6.8,20
75,68,NbN,2574,305,11.8,0.885,500,40,8,378,42,257,7.2,20
80,30,NbN,2573,661,5.4,0.46,520,40,10,379,51,264,7.2,20
45,72,NbN/Ti,2570,670,5.6,0.74,400,40,11,381,62,271,3.7,89
45,73,NbN,2569,1100,7.1,0.62,400,40,11,382,62,274,3.7,2
35,74,NbN/Ti,2568,770,4.5,0.78,400,40,11,383,64,274,3.7,2
45,75,NbN/Ti,2567,658,7,0.77,400,40,11,385,63,274,3.7,2
69,75,NbN,2566,504,9.5,0.76,400,40,11,387,62,275,3.7,2
69,null,NbN/Ti,2565,375,9.1,0.75,400,40,11,386,65,262,3.7,2
70,78,NbN,2563,590,8.3,0.71,400,40,10,386,59,253,3.7,2
95,81,NbN,2561,430,8.6,0.73,250,40,10,393,55,274,3.7,54
148,81,NbN,2560,310,8.8,0.7,250,40,10,394,55,275,3.7,54
95,83,NbN,2559,535,7.8,0.68,250,40,10,390,58,239,3.7,89
90,86,NbN,2557,452,9.3,0.73,400,40,10,393,53,239,3.7,88
70,86,NbN,2555,364.5,9.9,0.735,400,40,10,393,54,239,7.4,4
70,95,NbN,2551,1550,3.5,0.4,400,40,10,407,55,211,3.6,2
100,null,NbN,2549,330,10.3,0.82,250,40,10,365,38,312,3.7,54
90,29,NbN,2547,620,6.6,0.65,250,40,10,365,48,311,3.5,89
70,31,NbN,2545,710,6.6,0.6,300,40,10,366,38,312,3.6,2
100,69,NbN,2544,340,9,0.68,300,40,10,365,39,313,3.6,2
86,68,NbN,2543,320,10.6,0.84,400,40,9,365,35,308,3.5,88
92,33,NbN,2542,315,10.3,0.84,400,40,11,365,42,312,3.6,88
70,35,NbN,2540,605,8.9,0.7,400,40,10,355,42,279,3.6,2
70,35,NbN,2539,620,8.7,0.72,400,40,10,356,41,273,3.6,83
120,37,NbN,2538,452,8.7,0.68,0,40,10,335,53,238,3.6,2
240,37,NbN,2537,413,7.1,0.72,0,40,6.5,316,41,145,3.5,2
180,39,NbN,2535,287,10,0.76,250,40,10,352,42,252,3.6,54
70,40,NbN,2534,530,9,0.81,400,40,10,354,40,251,3.6,87
70,41,NbN,2533,550,9.3,0.79,400,40,10,354,40,252,3.6,2
70,41,NbN,2532,680,9.1,0.65,400,40,10,396,null,255,3.6,2
65,44,NbN,2530,490,9.8,0.73,400,40,11,367,42,305,3.6,85
65,45,NbN,2529,1117,4,0.42,300,40,11,361,44,297,3.6,2
65,46,NbN,2528,561,9,0.6,400,40,11,366,42,297,3.6,2
180,47,NbN,2527,192,11.1,0.84,300,40,8.5,352,36,237,3.5,24
95,49,NbN,2525,350,10,0.84,300,40,8,353,34,237,3.4,2
95,50,NbN,2524,420,9.7,0.74,400,40,9,354,39,240,3.5,2
90,51,NbN,2523,564,7.9,0.67,400,40,9,355,38,240,3.5,2
90,56,NbN,2520,620,6,0.56,400,40,9,358,39,243,3.5,85
90,56,NbN,2519,495,9,0.7,400,40,9,359,40,244,3.5,85
108,58,NbN,2518,352,9.7,0.73,400,40,9.5,359,43,246,3.4,83
92,58,NbN,2517,475,9,0.7,400,40,10,360,44,247,3.5,83
95,59,NbN,2516,409,9.6,1.079,400,40,10,360,45,247,3.5,83
69,69,NbN/Ti,2505,475,8.3,0.79,400,40,11,369,56,260,3.6,86
69,70,NbN,2504,630,8.3,0.68,400,40,11,370,55,260,3.6,2
66,72,NbN,2498,714,7.5,0.79,0,40,7.5,365,33,202,3.4,2
66,72,NbN,2497,586,7.8,0.79,0,40,9,374,38,253,3.4,2
60,72,NbN,2496,543,7.8,0.84,0,40,7.5,376,0,27,3.4,2
55,null,NbN,2495,537,7.6,0.88,0,40,6.5,378,1973,243,3.4,2
120,73,NbN,2494,197,9,0.89,0,40,6.5,379,20,244,3.4,2
79,75,NbN,2487,427,10.2,0.79,400,40,11,378,52,263,3.6,87
68,76,NbN,2486,544,9.5,0.75,400,40,11,379,49,263,3.6,87
95,78,NbN,2484,334,8,0.6,300,40,11,382,48,263,3.6,18
35,78,NbN,2483,1338.5,6,0.55,400,40,11,385,46,264,7.2,26
68,79,NbN,2482,543,9.4,0.72,400,40,11,386,46,265,3.6,87
30,80,NbN,2480,1615,5.6,0.51,400,40,11,387,47,265,7.2,26
97,81,NbN,2479,625,8.2,0.66,400,40,10,368,53,192,3.6,87
61,82,NbN,2478,560,9.9,0.74,400,40,11,388,47,264,3.6,87
40,83,NbN,2477,867.5,8.45,0.6799999999999999,400,40,11,391,44,266,7.2,26
97,84,NbN,2476,527,9.9,0.78,400,40,10,379,48,217,3.6,64
61,85,NbN,2475,525,9.4,0.75,400,40,11,391,46,267,3.6,86
50,86,NbN,2474,636,9.3,0.73,400,40,11,391,47,268,3.6,86
92,86,NbN,2473,290,11.4,0.93,400,40,11,392,48,269,3.6,83
58,87,NbN,2472,540,8.7,0.8,400,40,11,392,49,270,3.6,86
62,89,NbN,2471,580,8.2,0.75,400,40,11,391,49,269,3.6,86
65,91,NbN,2469,580,9,0.7,400,40,11,391,49,269,3.6,86
65,92,NbN,2468,485,8.6,0.74,400,40,11,389,49,268,3.6,84
65,92,NbN,2467,636,9.1,0.69,400,40,11,390,48,268,3.6,2
65,93,NbN,2466,707,6.2,0.56,400,40,11,393,48,270,3.6,2
180,null,NbN,2465,170,8.9,0.74,0,40,11,422,16,268,3.6,2
65,24,NbN,2462,464,10.5,0.8,400,40,11,346,47,321,3.6,2
65,30,NbN,2446,863,7.4,0.6,400,40,12.5,346,57,308,3.7,2
90,31,NbN,2444,680,8.45,0.94,400,40,10,336,50,null,3.6,82
90,34,NbN,2443,742,7.6,0.64,400,40,10,337,50,237,3.6,2
130,34,NbN,2442,430,8.8,0.71,400,40,10,337,51,237,3.6,69
100,35,NbN,2441,634,8,0.66,400,40,10,337,51,237,3.5,84
108,37,NbN,2439,540,8.8,0.72,400,40,10,338,50,238,3.5,84
50,37,NbN,2438,1550,4.9,0.49,400,40,10,339,50,238,3.5,2
112,40,NbN,2430,452,9.5,0.72,400,40,10,343,49,239,3.6,2
130,42,NbN,2428,470,8.4,0.66,0,40,9,343,44,237,3.6,2
135,43,NbN,2427,495,8,0.7,0,40,9,343,44,237,3.5,2
105,46,NbN,2422,516,8.9,0.7,300,40,10,346,48,241,3.5,2
85,14.1,NbN,2418,630.5,8,0.65,400,40,10,348,51,244,7.2,48
97,13.9,NbN,2417,615,8.2,0.66,400,40,10,349,51,245,3.5,84
97,13.4,NbN,2415,545,9,0.72,400,40,10,349,51,245,7.2,117
80,12.05,NbN,2407,615,8.4,0.66,400,40,10,354,51,248,3.5,24
97,11.9,NbN,2406,520,9,0.7,400,40,10,355,53,250,3.6,83
80,11.4,NbN,2405,598,9,0.72,400,40,10,355,53,250,3.6,24
90,11.25,NbN,2404,620,8.2,0.71,150,40,10,355,54,250,3.5,2
90,11.1,NbN,2403,511,9.2,0.72,400,40,10,356,50,251,3.6,2
80,10.1,NbN,2400,610,8.4,0.69,400,40,10,359,54,253,3.5,84
80,9.6,NbN,2399,508,8.9,0.7,400,40,10,365,49,274,3.6,84
80,9.4,NbN,2398,515,9.2,0.73,400,40,10,363,52,264,3.6,78
80,9.23,NbN,2397,585,8.9,0.74,400,40,10,361,55,255,3.6,80
80,8.78,NbN,2396,551,8.7,0.69,400,40,10,363,53,255,3.6,82
70,8.6,NbN,2395,685,7.8,0.63,400,40,10,365,53,256,3.6,82
65,6.3,NbN,2387,530,8.7,0.7,520,40,10,376,46,259,3.5,54
65,5.6,NbN,2385,780,8.3,0.6,250,40,10,378,46,259,3.6,54
80,5.4,NbN,2384,570,9,0.72,250,40,10,380,45,260,3.5,54
64,4.9,NbN,2379,445,9.2,0.6,400,40,11,381,52,265,3.6,2
64,4.7,NbN,2378,782,6.9,0.68,130,40,11,382,52,266,3.6,2
73,4.2,NbN,2377,528,9.6,0.73,400,40,11,381,53,266,3.6,81
75,4,NbN,2376,492,9.9,0.73,400,40,11,385,52,267,3.6,81
75,3.5,NbN,2375,528,9.7,0.74,400,40,11,382,55,267,3.6,80
70,3.3,NbN,2374,610,8.6,0.67,400,40,11,385,52,267,3.6,80
65,2,NbN,2368,530,9.7,0.72,400,40,11,392,55,274,3.6,81
60,1.5,NbN,2367,565,9.6,0.76,400,40,11,397,51,274,3.6,80
85,24.7,NbN,2356,550,9,0.78,400,40,7.5,333,34,224,3.5,77
85,24,NbN,2354,471,9.7,0.82,400,40,7.5,333,34,225,7,80
120,23.7,NbN,2353,300,10.5,0.82,400,40,7.5,334,34,225,3.5,2
100,22.2,NbN,2350,380,10.1,0.8,400,40,10.5,369,35,247,2.7,2
115,22,NbN,2349,390,9.6,0.76,400,40,10.5,347,44,239,3,2
150,21.8,NbN,2348,379,9.3,0.73,400,40,11.5,349,48,243,3.1,2
102,19.3,NbN,2338,598,8.6,0.69,250,40,9.5,340,45,236,3.6,71
107,19.1,NbN,2337,575,8.3,0.7,200,40,9.5,341,44,236,3.5,71
100,18.7,NbN,2336,524,8.8,0.7,250,40,10.7,338,48,236,3.9,2
100,18.5,NbN,2335,540,9,0.72,250,40,9.5,343,43,236,3.5,2
100,18,NbN,2334,574,8.5,0.69,300,40,11,343,50,240,3.6,2
80,17.6,NbN,2333,505,8.899999999999999,0.79,400,40,7.5,343,33,230,7,80
60,17.4,NbN,2332,650,8.5,0.78,400,40,7.5,343,34,231,3.5,2
90,17.2,NbN,2331,410,10.1,0.81,300,40,8.5,345,37,234,3.5,2
80,16.8,NbN,2330,660,8.2,0.72,400,40,10,346,44,239,3.6,78
80,16.6,NbN,2329,529,9.5,0.75,400,40,10,347,44,239,3.6,2
95,14.8,NbN,2319,500,9,0.75,200,40,10,353,47,244,3.6,54
110,14.6,NbN,2318,400,9.7,0.76,250,40,10,353,47,245,3.6,54
110,14.4,NbN,2317,430,9.7,0.76,300,40,10,355,47,245,3.5,54
83,10.4,NbN,2311,566,9.1,0.75,300,40,10,364,49,253,3.5,71
57,9.9,NbN,2310,645,9.4,0.84,400,40,10,365,49,254,3.5,79
68,9.7,NbN,2309,475,10.1,0.82,400,40,10,367,50,255,3.5,78
67,9.2,NbN,2308,509,9.6,0.77,400,40,10,368,48,254,3.6,78
75,9,NbN,2307,445,9.8,0.76,400,40,10,368,48,255,3.5,2
65,7.8,NbN,2304,485,9.9,0.79,400,40,10,372,46,256,3.6,78
145,6.9,NbN,2301,427,8.9,0.72,400,40,7,354,39,159,3.4,2
62,6.4,NbN,2300,290,13.7,0.91,570,40,11,378,45,259,3.6,2
67,6.2,NbN,2299,457.5,8.8,0.86,300,40,8,379,31,251,6.8,145
60,6,NbN,2298,430,9.2,0.86,400,40,8,382,31,253,3.4,2
154,5.5,NbN,2297,400,9.3,0.71,400,40,8,359,44,164,3.5,2
90,5.3,NbN,2296,860,7.3,0.61,400,40,8,359,44,164,3.5,2
70,5.1,NbN,2295,650,8.9,0.73,300,40,11,381,49,263,3.7,71
48,4.6,NbN,2294,675,9,0.71,570,40,11,381,49,263,3.6,2
85,4.2,NbN,2293,361,10.5,0.81,400,40,11,381,50,264,3.7,77
48,4,NbN,2292,628,9.8,0.78,400,40,11,382,49,264,3.7,2
60,3.5,NbN,2291,503,10.3,0.81,400,40,11,384,47,264,3.6,2
60,3.1,NbN,2289,485,10.1,0.82,400,40,10,386,41,261,3.6,2
60,2.5,NbN,2288,658,7.9,0.66,400,40,10,389,41,263,3.7,2
110,31.4,NbN,2287,380,9.6,0.75,400,40,12,395,25,278,2.5,2
80,31.2,NbN,2286,330,9.2,0.87,400,40,8,396,18,273,2.3,2
95,31,NbN,2285,340,10.3,0.84,400,40,10,404,18,279,2.5,2
85,30.3,NbN,2283,678,7.7,0.65,400,40,10,334,49,253,3.6,2
60,29.8,NbN,2282,400,7.8,0.88,400,40,6.5,337,27,359,3.4,2
70,29.4,NbN,2281,490,9.7,0.81,400,40,8,338,37,267,3.5,2
78,28.4,NbN,2280,305,4,0.97,570,40,5,337,18,235,3.3,2
78,27.9,NbN,2279,357,4.2,0.95,400,40,5,337,18,235,3.3,2
78,27.5,NbN,2278,507,9.2,0.77,400,40,8,337,37,247,3.4,2
78,26.6,NbN,2276,450,10,0.79,400,40,8,341,36,249,3.4,2
80,26.4,NbN,2275,470,9.8,0.79,400,40,8,342,36,250,3.5,2
100,26.2,NbN,2274,467,9.1,0.72,400,40,10,343,45,257,3.5,2
87,26,NbN,2273,635,8.4,0.67,400,40,10,338,49,237,3.6,2
100,25.8,NbN,2272,808,7.3,0.67,400,40,5,324,28,161,3.7,2
85,25.6,NbN,2271,630,8.6,0.81,400,40,5,330,25,162,3.1,2
120,24.9,NbN,2270,360,9,0.8,400,40,5,330,25,162,3.3,2
70,24,NbN,2268,530,9.9,0.8,400,40,8,343,37,232,3.4,2
70,23.8,NbN,2267,818,7.1,0.6,570,40,8,344,47,239,3.6,2
78,23.1,NbN,2266,497,9.5,0.77,400,40,8,344,38,234,3.4,2
98,22.9,NbN,2265,390,10.1,0.79,400,40,8,345,37,234,3.5,2
70,22.7,NbN,2264,530,9.4,0.8,400,40,8,346,37,234,3.4,2
45,22.5,NbN,2263,1370,5.9,0.57,400,40,10,347,49,251,3.5,2
600,21.2,NbN,2262,67,11.8,0.74,400,40,10,349,48,243,3.6,2
60,20.8,NbN,2261,657,8.9,0.75,400,40,8,349,38,237,3.4,2
90,20.2,NbN,2260,457.5,9.7,0.765,400,40,10,353,49,247,7,4
96,18.4,NbN,2259,500,9.8,0.76,400,40,10,354,40,247,3.5,77
96,18.2,NbN,2258,418,9.9,0.75,400,40,10,355,48,247,3.5,2
140,17.4,NbN,2257,430,9.1,0.77,400,40,5,334,34,140,3.3,2
130,17.4,NbN,2256,440,9.2,0.79,400,40,5,337,31,150,3.3,2
150,17.2,NbN,2255,550,8,0.68,400,40,5,332,36,131,3.3,2
150,16.9,NbN,2254,730,7,0.63,400,40,5,327,40,119,3.3,2
150,15.6,NbN,2252,706,8.1,0.69,400,40,5,324,42,111,3.3,2
300,15.4,NbN,2251,361,8,0.63,400,40,5,325,43,112,3.3,2
85,14.3,NbN,2250,850,7.1,0.64,525,40,6,339,40,154,3.5,2
80,14.1,NbN,2249,506,9.1,0.74,400,40,10,359,52,251,3.5,77
70,13.9,NbN,2248,1180,5.8,0.57,525,40,6,341,40,155,3.3,2
72,13.2,NbN,2247,552.5,9.075,0.74,400,40,10,360,53,253,7,79
80,13,NbN,2246,780,5.9,0.56,400,40,10,365,49,253,3.5,2
80,12.8,NbN,2245,465,9.8,0.76,400,40,10,363,52,254,3.5,2
67,9.2,NbN,2235,630,8.3,0.7,300,40,10,377,45,258,3.5,2
80,9,NbN,2234,647,7.4,0.83,400,40,5,354,28,155,3.2,69
67,8.4,NbN,2233,520,9.2,0.76,300,40,10,378,45,259,3.5,73
84,8.2,NbN,2232,485,9.7,0.78,300,40,10,379,44,259,3.5,54
88,8,NbN,2231,540,9.5,0.72,300,40,10,380,44,259,3.5,71
68,7.5,NbN,2230,749,8.6,0.72,300,40,10,380,45,260,3.5,71
70,7.3,NbN,2229,450,10.2,0.82,300,40,10,381,44,260,3.5,2
65,7.1,NbN,2228,440,9.9,0.8,300,40,10,384,43,272,3.4,2
85,6.4,NbN,2227,1800,2.1,0.3,400,40,5,342,36,115,3.3,2
70,6.3,NbN,2226,630,7.9,0.87,400,40,5,359,30,158,3.2,2
70,6.1,NbN,2225,417,4.3,0.94,400,40,5,372,21,200,3.3,2
78,5.4,NbN,2224,460,9.85,0.77,400,40,11,387,50,267,7,20
70,5,NbN,2222,569,8.45,0.685,400,40,11,387,51,268,7,78
73,4.3,NbN,2220,470,9.6,0.76,400,40,11,388,50,269,3.5,69
70,3.1,NbN,2218,578,9.3,0.77,300,40,10,391,46,267,3.5,71
72,3,NbN,2217,530,9,0.77,300,40,10,392,46,268,3.5,54
66,2.7,NbN,2216,590,9.6,0.78,300,40,10,394,46,269,3.5,2
63,1.8,NbN,2214,465.6667,9.733333333333334,0.7799999999999999,400,40,10,401,45,273,10.5,71
60,1,NbN,2213,510,9.1,0.74,400,40,10,405,43,274,3.4,2
123,15,NbN,2211,602,8.5,0.73,0,40,6,343,43,236,6.8,2
150,14.6,NbN,2209,410,9.6,0.79,0,40,6,342,45,240,6.8,2
190,13.4,NbN,2206,402.5,9.8,0.775,0,40,6,341,55,242,13.6,73
190,9.3,NbN,2197,484.5,9.4,0.74,0,40,6,352,48,245,13.6,56
180,7.9,NbN,2195,552,8.9,0.67,0,40,6,358,46,247,6.8,2
180,7.7,NbN,2194,430,9.2,0.71,0,40,6,355,45,247,6.7,2
140,7.5,NbN,2193,615,8.3,0.67,0,40,6,355,45,246,6.8,2
100,7.3,NbN,2192,730,7.9,0.69,0,40,6,358,20,557,6.3,2
80,6.1,NbN,2191,430,7.2,0.77,0,40,7,380,24,258,3.3,2
80,5.9,NbN,2190,345,6,0.89,0,40,5,385,10,252,3.3,2
60,5.7,NbN,2189,430,4.4,0.89,0,40,5,387,13,255,3.3,2
100,5.5,NbN,2188,237,6.7,0.89,0,40,5,387,13,255,3.3,2
60,2.8,NbN,2184,338.5,11.899999999999999,0.895,500,40,10,394,43,289,7,4
60,1.1,NbN,2180,680,7.9,0.59,400,40,12,408,56,281,3.6,2
300,30.4,NbN,2174,860,5.9,0.7,0,40,3,294,30,65,3.2,2
300,30.1,NbN,2173,685,7.4,0.83,0,40,3,294,32,65,3.2,2
120,30.1,NbN,2170,400,8.3,0.67,0,40,10,355,43,325,3.6,2
120,29.5,NbN,2169,370,10.35,0.775,300,40,10,350,44,281,7,56
120,28.4,NbN,2168,375,9.4,0.74,300,40,10,350,46,282,3.5,2
85,27.7,NbN,2167,580,9,0.72,400,40,10,352,45,283,3.5,74
85,27.4,NbN,2166,566,8.5,0.67,400,40,10,352,45,283,3.5,2
80,27.18,NbN,2165,396,10,0.76,400,40,10,394,27,300,2.6,2
80,27.6,NbN,2164,516,9.4,0.72,400,40,10,354,46,285,3.5,2
80,26,NbN,2161,847,6.4,0.58,400,40,10,349,51,245,3.6,2
140,23.7,NbN,2145,436,9.7,0.62,300,40,10,354,50,247,3.6,72
115,23,NbN,2144,505,9.6,0.635,300,40,10,355,50,248,7.2,139
108,22.75,NbN,2143,555,8.8,0.645,300,40,10,355,50,248,7.2,122
112,22.5,NbN,2142,421,9.8,0.72,300,40,10,356,52,250,3.5,2
98,21,NbN,2132,556,9.2,0.67,400,40,10,355,57,231,3.5,63
112,20.4,NbN,2130,440,10.1,0.74,300,40,10,360,55,254,3.5,72
129,19.85,NbN,2129,380,10.350000000000001,0.74,300,40,10,360,59,256,7,74
70,19.6,NbN,2128,585,9.4,0.74,300,40,10,366,56,279,3.6,2
70,19.35,NbN,2127,700,8.9,0.7,300,40,10,361,61,258,3.6,2
120,18.75,NbN,2126,400,10.1,0.72,400,40,10,359,63,236,3.5,2
70,18.5,NbN,2125,785.5,8.55,0.61,400,40,10,359,63,236,7.06,71
70,18.25,NbN,2124,825,7.8,0.7,400,40,10,356,66,225,3.5,2
70,17.5,NbN,2123,751,8.9,0.69,400,40,10,359,66,238,3.57,2
70,17.25,NbN,2122,456,10.3,0.82,400,40,10,369,60,284,3.55,2
70,17,NbN,2121,560,8.2,0.76,400,40,10,366,63,262,3.5,2
77,12.7,NbN,2106,495,8.6,0.72,300,40,9,408,30,267,2.6,66
105,12.4,NbN,2105,315,10.05,0.74,300,40,9,405,38,271,5.2,119
105,11.7,NbN,2104,409,8.149999999999999,0.6599999999999999,300,40,9,404,44,268,5.2,138
70,11.4,NbN,2103,703,6,0.61,300,40,9,404,34,268,2.6,2
60,11.1,NbN,2102,770,8,0.62,300,40,9,407,35,271,2.7,2
50,10.3,NbN,2101,649,7.9,0.72,300,40,9,431,42,289,2.4,2
70,10,NbN,2100,335,10.4,0.85,300,40,9,432,45,293,2.4,2
85,4.5,NbN,2087,560,8.4,0.66,300,40,9,399,44,271,3.5,54
57,3.6,NbN,2086,552,10.05,0.765,400,40,10,401,48,275,7,137
110,3.3,NbN,2085,270,11.2,0.81,400,40,10,402,47,275,3.5,68
57,3,NbN,2084,519,9.9,0.78,400,40,9,400,43,271,3.5,2
60,2.7,NbN,2083,547,9.4,0.66,400,40,10,49,46,276,3.5,2
60,2,NbN,2082,1020,5.3,0.52,400,40,12,403,59,283,3.6,2
90,1.77,NbN,2081,485,8.2,0.59,400,40,12,405,59,284,3.7,2
110,32.7,NbN,2062,424.5,9.85,0.78,300,40,8,357,30,237,5.2,124
95,31.7,NbN,2060,590,7.5,0.68,300,40,8,357,30,237,2.6,48
95,31.4,NbN,2059,590,9.4,0.7,330,40,8,359,29,237,2.6,54
100,31,NbN,2058,445,9.3,0.75,330,40,8,359,29,238,2.6,2
78,29.3,NbN,2055,574,9.5,0.725,525,40,9.5,360,40,245,5.2,136
75,29,NbN,2054,567,9.6,0.77,525,40,9,361,37,244,2.6,2
80,28.3,NbN,2053,580,9.4,0.7,525,40,10,365,39,247,2.7,2
75,27.6,NbN,2052,463,9.5,0.8,525,40,8,393,16,250,2.3,2
90,27.3,NbN,2051,638,8.7,0.65,523,40,10,347,49,250,3.5,2
90,27,NbN,2050,663,7.9,0.63,525,40,10,347,49,250,3.6,2
60,22,NbN,2030,1230,5.3,0.49,535,40,10,356,44,250,3.5,2
66,15.2,NbN,2000,520,7.8,0.82,0,40,5,367,20,237,3.3,2
60,15,NbN,1999,551,7.3,0.77,0,40,5,368,20,237,3.3,2
123,14.2,NbN,1998,467,8,0.6,300,40,8.5,368,46,253,3.5,54
60,14,NbN,1997,550,7.9,0.78,0,40,5,369,21,239,3.3,2
120,13.8,NbN,1996,258,9.5,0.82,0,40,5,370,21,239,3.3,2
180,12.8,NbN,1994,162,10.1,0.83,0,40,5,372,20,240,3.3,2
180,12.6,NbN,1993,204,10.32,0.77,0,40,7,372,38,250,3.4,2
180,12.4,NbN,1992,261,9.4,0.7,0,40,9,374,51,259,3.6,2
180,12.2,NbN,1991,338,8.4,0.68,0,40,11,375,62,267,3.6,2
180,12,NbN,1990,415,7.4,0.61,0,40,12,376,72,274,3.8,2
180,11.8,NbN,1989,487,6.6,0.57,0,40,15,377,81,280,3.9,2
180,11.6,NbN,1988,482,7,0.51,0,40,15,376,84,281,3.9,2
180,11.4,NbN,1987,623,4.7,0.48,0,40,15,382,78,281,3.9,2
180,10.6,NbN,1985,598,6.6,0.53,0,40,15,383,80,250,3.9,2
75,9.6,NbN,1983,576.5,9.15,0.69,400,40,10,387,50,250,7,130
77,9.4,NbN,1982,520,9.3,0.7,400,40,10,387,50,250,3.5,64
103,9.2,NbN,1981,386,10.3,0.73,400,40,10,388,50,253,3.5,48
79,8.9,NbN,1980,528,9.6,0.74,400,40,10,388,50,250,7,130
77,8.3,NbN,1979,540,9.6,0.72,400,40,10,490,48,250,3.5,63
70,8.1,NbN,1978,636,9,0.67,400,40,10,390,48,250,3.5,63
70,7.9,NbN,1977,713,8,0.65,400,40,10,392,46,250,3.5,2
70,4.5,NbN,1969,535,9.5,0.68,400,40,9.5,398,49,250,3.5,63
130,3.7,NbN,1968,440,8.8,0.7,0,40,9.5,400,46,250,3.6,2
60,3.5,NbN,1967,770,8.6,0.7,400,40,9.5,400,47,250,3.6,64
66,3.2,NbN,1966,598,9.3,0.72,400,40,9.5,400,47,250,3.6,64
110,2.7,NbN,1965,310,10.9,0.78,400,40,9.5,402,46,250,3.5,56
135,2.4,NbN,1964,331,9.8,0.69,400,40,11,403,55,250,3.6,56
60,2.2,NbN,1963,870,7.6,0.63,400,40,11,405,53,250,3.6,2
80,1.7,NbN,1962,536,8.9,0.66,300,40,12,413,55,288,3.7,2
80,1.5,NbN,1961,533,8.8,0.69,300,40,12,408,62,288,3.7,2
80,1.2,NbN,1960,598,8.4,0.56,300,40,12,410,63,289,3.7,2
70,0.7,NbN,1959,1222,3.8,0.33,300,40,12,413,62,289,3.7,2
190,26.7,NbN,1954,460,7.5,0.63,300,40,8,349,27,150,2.4,56
190,26.5,NbN,1953,388,9.1,0.72,300,40,7.5,349,23,150,2.3,54
175,26.2,NbN,1952,435,9,0.72,300,40,7.5,350,24,150,2.3,56
180,25.7,NbN,1951,608,6.7,0.6,300,40,9,349,30,150,2.4,2
130,25.5,NbN,1950,383,4.8,0.84,300,40,4.5,350,10,150,2.2,2
130,25,NbN,1949,817,6.5,0.63,300,40,9,349,30,150,2.4,2
130,24.7,NbN,1948,470,9.6,0.78,300,40,7.5,350,24,150,2.4,2
130,24.5,NbN,1947,468,7.26,0.73,300,40,6,350,18,150,2.3,2
65,21.2,NbN,1934,575,9.2,0.68,300,40,9,355,32,250,3.5,63
65,21,NbN,1933,530,9.8,0.73,300,40,9,355,33,250,3.5,64
100,20.3,NbN,1916,710,7.65,0.65,0,40,10,349,38,200,3.6,2
93,20.15,NbN,1915,800,7.27,0.72,0,40,10,348,39,200,3.6,2
90,20,NbN,1914,520,8.3,0.74,0,40,9,349,34,200,3.5,2
80,19.7,NbN,1913,546,6.9,0.85,0,40,7,350,24,200,3.4,2
70,18.7,NbN,1912,714,8.4,0.54,700,40,12,361,46,250,3.6,18
107,14.6,NbN,1907,352,11.3,0.77,300,40,10,368,38,250,null,30
93,14.3,NbN,1906,368,11.366666666666665,0.7833333333333333,0,40,10,370,38,250,null,183
90,14,NbN,1905,409,10.95,0.72,400,40,10,370,38,250,null,2
123,13.6,NbN,1904,443,9.4,0.62,0,40,10,372,38,250,3.5,2
80,13.1,NbN,1902,735,8,0.65,0,40,10,375,37,250,3.5,2
63,12,NbN,1900,652,9,0.68,400,40,11,377,45,250,3.6,48
77,11.7,NbN,1899,540,10.9,0.73,400,40,11,377,45,250,3.5,47
36,7.6,NbN,1890,1180,7.56,0.65,400,40,11,389,43,247,3.6,2
50,7.4,NbN,1889,835,8.8,0.66,400,40,11,390,44,250,3.6,2
87,7,NbN,1888,340,9.4,0.75,0,40,7,391,23,250,3.4,61
165,6.7,NbN,1887,320,9.3,0.69,0,40,12,392,50,250,3.7,61
150,6.1,NbN,1885,414,8.8,0.63,0,40,12,396,47,250,3.7,2
90,5.9,NbN,1884,344,9.5,0.78,0,40,7,394,24,250,3.4,2
120,5.7,NbN,1883,360,9.5,0.69,0,40,10,394,39,250,3.5,2
90,5.5,NbN,1882,300,8.85,0.82,0,40,5,397,11,250,3.3,2
120,5.1,NbN,1881,270,11.7,0.82,400,40,11,396,44,250,3.6,61
43,4.9,NbN,1880,795,8.6,0.74,400,40,11,396,45,250,3.7,61
60,4.6,NbN,1879,725,7.76,0.76,0,40,10,396,40,250,7,36
120,4.4,NbN,1878,349.5,9.82,0.755,0,40,10,396,41,250,7.2,36
600,4.2,NbN,1877,85,12.629999999999999,0.71,0,40,10,394,43,250,7,36
50,4,NbN,1876,719.5,9.5,0.73,400,40,11,395,46,250,7,113
93,3.7,NbN,1875,409,10.2,0.74,300,30,7,389,36,220,3.6,57
60,3.5,NbN,1874,597,10,0.71,400,40,11,395,43,250,3.6,2
85,3.3,NbN,1873,517,9.2,0.73,300,30,7,389,36,220,3.7,2
85,3.1,NbN,1872,370,10.95,0.76,400,40,11,397,43,250,3.6,2
103,38.8,NbN,1860,540,9.5,0.72,300,40,10,378,20,250,2.6,30
108,38.2,NbN,1859,512,9.3,0.69,300,40,10,378,20,250,2.6,54
105,38,NbN,1858,455,9.55,0.73,300,40,10,378,20,250,2.6,57
105,37.7,NbN,1857,475,9.3,0.7,300,40,10,379,20,250,2.6,2
100,37.3,NbN,1856,518,9.375,0.71,400,40,10,379,20,250,5.2,61
105,37.1,NbN,1855,451,9.8,0.74,400,40,10,380,20,250,2.6,2
105,36.8,NbN,1854,475,8.9,0.71,400,40,10,382,20,250,2.6,2
180,36.4,NbN,1847,477,9,0.76,0,40,7,299,46,210,7.12,2
160,36.2,NbN,1846,590,8.5,0.7,0,40,7,299,46,210,7.12,2
150,36,NbN,1845,675,8,0.7,0,40,7,300,44,210,7.12,2
170,35.2,NbN,1840,447,8.3,0.65,400,40,9,327,45,228,3.36,58
140,35,NbN,1839,485,9.7,0.83,0,40,6,306,37,210,6.99,2
600,34.7,NbN,1838,113,11.2,0.81,0,40,6,306,37,210,6.99,2
140,34.45,NbN,1837,557,9.2,0.76,0,40,7,306,43,213,7.12,2
600,34.25,NbN,1836,115,11,0.85,0,40,7,308,42,214,7.12,2
180,34,NbN,1835,486,9.1,0.78,0,40,8,308,47,217,7.26,2
600,33.7,NbN,1834,155,10.27,0.75,0,40,8,308,47,217,7.26,2
170,33.2,NbN,1833,621,4.8,0.41,400,40,8,332,36,225,3.31,2
150,32.6,NbN,1831,487,8.1,0.67,400,40,9,333,40,228,3.36,2
240,32.4,NbN,1830,585,6.8,0.68,0,40,13,311,65,230,7.91,2
300,32,NbN,1828,527,4.9,0.42,0,40,13,333,57,239,3.59,2
180,31.8,NbN,1827,870,3.2,0.37,0,40,13,333,57,239,3.59,2
180,31.6,NbN,1826,328,9.4,0.7,0,40,6,333,24,218,3.19,2
300,31.4,NbN,1825,280,8.7,0.59,0,40,6,333,23,218,3.19,2
180,31,NbN,1823,473,4,0.44,400,40,10,385,22,250,2.58,2
120,30.5,NbN,1822,583,6.4,0.62,400,30,7,356,26,250,2.69,2
70,30.25,NbN,1821,880,6.5,0.65,400,40,10,382,28,251,2.71,2
70,30,NbN,1820,840,7.1,0.67,400,40,10,380,38,250,2.58,2
300,24.7,NbN,1812,339,9.4,0.77,0,30,4,319,29,135,5.42,2
97,24.5,NbN,1810,341,10,0.77,400,40,6,349,19,250,3.19,2
110,24.1,NbN,1807,525,8.2,0.58,400,40,8,350,29,250,3.31,2
90,23.7,NbN,1805,418,8.4,0.85,0,30,3.5,347,10,250,5.35,2
180,23.18,NbN,1804,285,10.6,0.82,0,30,5.5,347,28,250,5.61,2
180,23,NbN,1803,241,11.2,0.75,0,30,4.5,349,19,250,5.48,2
80,22.7,NbN,1802,1570,2,0.33,400,40,13,352,53,250,3.59,2
180,21.5,NbN,1799,585,7.2,0.6,0,40,10,348,48,250,7.52,2
117,21,NbN,1798,480,9.6,0.63,300,40,11.5,365,40,250,3.01,54
180,20.7,NbN,1797,425,7.97,0.58,0,40,10,356,38,250,3.42,2
180,20.5,NbN,1796,443,7.8,0.6,0,40,10,355,40,250,3.42,2
110,20.3,NbN,1795,547,8.7,0.64,300,40,11.5,364,41,250,3.08,54
105,19.85,NbN,1794,730,5.7,0.57,300,40,11.5,364,41,250,3.08,58
105,19.62,NbN,1793,567,8,0.67,300,40,11.5,365,40,250,3.08,2
95,19.4,NbN,1792,709,7.3,0.63,300,40,11.5,365,40,250,3.08,2
95,17,NbN,1789,417,10.5,0.78,300,40,10,364,41,250,3.42,2
300,16.3,NbN,1782,388.5,7.21,0.575,0,40,12,358,56,220,7.06,36
100,16,NbN,1781,757.5,8.7,0.55,400,40,12,359,54,220,7.06,36
110,15.5,NbN,1780,509,9.6,0.75,400,30,7.5,364,40,200,2.72,2
110,15.25,NbN,1779,709,7.8,0.62,400,40,10,356,49,200,3.42,2
90,15,NbN,1778,596,8.5,0.65,400,40,10,367,44,250,3.42,2
120,5.2,NbN,1759,350,10.4,0.77,200,40,10,392,46,250,3.42,54
85,5,NbN,1758,720,6.5,0.6,200,40,10,391,47,250,3.42,2
70,4.8,NbN,1757,570,9.4,0.72,400,40,10,392,46,250,3.42,60
70,4.2,NbN,1756,520,9.5,0.74,400,40,10,393,49,250,3.42,59
85,4,NbN,1755,420,10.4,0.76,400,40,10,394,49,250,3.42,57
85,3.8,NbN,1754,520,9.2,0.68,400,40,10,394,49,250,3.42,2
60,3.2,NbN,1753,725,7.8,0.57,900,40,10,396,50,250,3.42,18
70,3,NbN,1752,381,8.8,0.89,600,40,7,397,27,250,3.25,2
85,2.75,NbN,1751,602,8.9,0.66,600,40,13,399,61,250,3.59,2
85,2.5,NbN,1750,634,9.6,0.74,600,40,10,402,42,250,3.42,2
85,1.25,NbN,1749,452,10.2,0.73,600,40,10,407,42,250,3.42,2
85,32.8,NbN,1747,550,8.7,0.77,300,40,8,388,25,250,3.31,54
100,32.5,NbN,1746,370,10,0.84,300,40,8,390,14,250,3.31,54
95,31.3,NbN,1744,543,9,0.71,400,40,10,374,26,250,3.42,57
80,31,NbN,1743,657,8,0.71,400,40,10,375,25,250,3.42,2
70,30.2,NbN,1738,750,8.6,0.71,400,40,10,375,34,250,3.42,2
70,30,NbN,1737,1130,6.22,0.52,400,40,10,337,44,250,3.42,2
660,29.5,NbN,1736,126,10.5,0.67,0,40,9,337,41,250,3.36,2
120,29.3,NbN,1735,580,8,0.64,0,40,9,337,41,250,3.36,2
300,29.1,NbN,1734,278,9.4,0.66,0,40,9,337,41,250,3.36,2
600,28.6,NbN,1733,108,12.4,0.76,0,40,7,338,29,250,3.25,2
100,28.4,NbN,1732,498,9,0.78,0,40,7,338,29,250,3.25,2
600,28.2,NbN,1731,74,13.5,0.85,0,40,5,339,16,250,3.14,2
100,28,NbN,1730,365,9.3,0.86,0,40,5,339,16,250,3.14,2
160,23.5,NbN,1720,509,8.2,0.6,400,50,15,343,58,250,4.26,56
140,23.2,NbN,1719,588,7.9,0.6,400,50,15,343,59,250,4.26,2
180,22.5,NbN,1717,497,8.7,0.66,0,40,7,343,33,250,3.25,54
165,22.2,NbN,1716,570,8.6,0.61,0,40,7,343,33,250,3.25,55
150,21.9,NbN,1715,580,8.25,0.655,0,40,7,344,33,250,6.5,56
110,21.6,NbN,1714,455,9.2,0.76,0,40,7.5,350,30,250,3.28,2
150,21.3,NbN,1713,480,8.6,0.66,0,40,7,347,31,250,3.25,2
310,20.9,NbN,1712,447,8.5,0.57,0,40,9,347,43,250,3.36,2
480,20.6,NbN,1711,465,6.8,0.44,0,40,12,348,57,250,3.53,2
600,20.3,NbN,1710,506,5.3,0.35,0,40,15,349,67,250,3.7,2
145,18.4,NbN,1706,433,9.3,0.66,400,40,12,355,53,250,3.53,2
165,18.2,NbN,1705,483,8.6,0.61,400,40,15,356,65,250,3.7,2
180,18,NbN,1704,552,7.9,0.62,400,40,18,356,74,250,3.87,2
100,17.6,NbN,1703,850,7.2,0.55,400,50,15,355,58,250,4.26,2
100,17.35,NbN,1702,555,9,0.71,400,30,9,369,42,250,2.8,2
100,17.1,NbN,1701,757,7.2,0.59,400,40,12,358,53,250,3.53,2
95,13.3,NbN,1694,800,7.2,0.67,0,30,10,380,49,250,2.86,2
150,13,NbN,1693,480,8.1,0.67,0,30,10,381,48,250,2.86,16
90,12.55,NbN,1678,620,8.8,0.68,400,40,12,368,57,250,3.53,51
85,12.35,NbN,1677,530,9.9,0.76,400,40,10,369,49,250,3.42,48
90,12.15,NbN,1676,385,10.6,0.85,400,40,8,370,38,250,3.31,2
90,11.7,NbN,1675,495,9.78,0.76,400,40,10,370,51,250,3.42,2
90,11.5,NbN,1674,656,8.5,0.655,400,40,12,371,60,250,7.06,52
83,9.75,NbN,1670,530,10.4,0.75,400,40,10,377,49,250,3.42,51
85,9.51,NbN,1669,583,9.3,0.67,400,40,10,377,50,250,3.42,2
76,7.58,NbN,1663,520,10,0.76,400,40,10,387,43,250,3.42,47
74,7.4,NbN,1662,549,9.7,0.72,400,40,10,288,42,250,3.42,31
70,7.18,NbN,1661,664,9.2,0.73,400,40,10,388,42,250,3.42,2
60,1.78,NbN,1649,482,9.7,0.77,400,40,10,411,42,252.8,3.42,47
100,34.5,NbN,1647,880,5.3,0.6,0,40,10,332,38,250,3.42,2
120,33.2,NbN,1646,455,9.6,0.72,400,30,8,347,32,250,2.75,47
175,34,NbN,1645,300,10,0.72,400,30,8,346,33,250,2.75,47
120,33,NbN,1644,683,5,0.48,400,30,8,347,32,250,2.75,2
130,33,NbN,1643,845,3,0.36,400,30,8,337,41,207.3,2.75,2
63,29,NbN,1633,540,7.8,0.85,400,40,6,334,21,250,3.19,52
85,27.92,NbN,1632,570,9.1,0.73,400,40,9,335,36,250,3.36,52
165,27.72,NbN,1631,285,10.5,0.75,400,40,9,335,37,250,3.36,49
88,27.52,NbN,1630,443,9.7,0.78,400,40,7,336,27,250,3.25,47
100,27.2,NbN,1629,420,10,0.77,400,40,8,336,32,250,3.31,47
110,26.83,NbN,1627,517,8.8,0.69,400,40,10,336,42,250,3.42,51
105,26.63,NbN,1626,780,5.9,0.53,400,40,12,337,50,250,3.53,51
180,23.72,NbN,1620,280,10.1,0.8,0,30,6,346,25,212.8,2.63,2
93,23.5,NbN,1619,595,8.6,0.76,0,30,6,347,25,213.4,2.63,2
110,23.2,NbN,1618,500,8.1,0.77,0,30,6,346,27,212.8,2.63,16
105,23,NbN,1617,461.5,8.95,0.75,0,30,6,347,27,213.4,5.26,20
130,22.84,NbN,1616,372,9.1,0.74,0,30,6,347,27,213.4,2.63,2
180,22.62,NbN,1615,270,9.5,0.82,0,30,6,347,28,215,2.63,2
180,22.4,NbN,1614,341,9,0.72,0,30,7,347,34,215,2.69,2
180,22.18,NbN,1613,391,8.47,0.75,0,30,8,248,39,215,2.75,2
180,21.96,NbN,1612,693,5.75,0.6,0,30,12,347,57,215,2.97,2
180,21.74,NbN,1611,610,6.3,0.67,0,30,11,348,54,215,2.91,2
180,21.52,NbN,1610,525,7,0.68,0,30,10,348,49,215,2.86,2
180,21.3,NbN,1609,496,7.3,0.69,0,30,9,349,44,215,2.8,2
500,20.8,NbN,1608,360,7.2,0.65,0,30,9,332,53,150,2.8,2
120,20.5,NbN,1606,872,6.35,0.64,0,30,9,346,46,200,2.8,2
120,20.3,NbN,1605,372,8.5,0.69,0,30,9,375,30,300,2.8,2
120,20.15,NbN,1604,520,7.8,0.56,0,30,9,359,40,250,2.8,2
120,20,NbN,1603,1000,4.9,0.52,0,50,15,339,58,250,4.26,2
120,19.8,NbN,1602,760,6.38,0.62,0,40,12,344,52,250,3.53,2
80,19.6,NbN,1601,570,9.9,0.75,400,40,9,345,38,250,3.36,2
93,19.2,NbN,1600,542,9,0.7,400,40,10,344,44,250,3.42,31
80,19,NbN,1599,578,9.7,0.78,400,40,9,345,40,250,3.36,45
80,18.86,NbN,1598,850,7.5,0.58,400,40,12,345,53,250,3.53,46
80,18.66,NbN,1597,635,9.1,0.73,400,40,10,346,43,250,3.42,46
70,18.06,NbN,1595,848,7.8,0.55,400,40,10,347,53,250,3.42,2
90,13.9,NbN,1587,850,5.85,0.65,0,40,12,352,58,250,3.53,2
90,13.7,NbN,1586,528,7.6,0.71,0,40,8,352,38,250,3.31,2
90,13.5,NbN,1585,700,6.35,0.67,0,40,10,352,48,250,3.42,2
70,8.3,NbN,1552,970,6.8,0.67,400,40,10,353,54,250.2,3.42,2
70,7.87,NbN,1550,650,9.3,0.75,400,40,10,355,53,250.8,3.42,46
85,7.67,NbN,1549,470,9.9,0.74,400,40,10,355,53,250.8,3.42,43
70,7.33,NbN,1548,950,7.2,0.64,400,40,10,356,52,250.8,3.42,2
150,7.13,NbN,1547,430,8.4,0.69,0,40,12,356,62,256.9,3.53,16
90,6.93,NbN,1546,753,7,0.69,0,40,11.5,358,56,254.5,3.5,2
90,6.73,NbN,1545,587,7.9,0.75,0,40,8.5,358,42,245.9,3.33,2
70,6.48,NbN,1544,633,9.100000000000001,0.74,400,40,10,358,50,250.8,6.84,47
90,6.23,NbN,1543,766.6667,6.526666666666666,0.6433333333333334,0,40,10,358,50,435.3,10.26,79
55,5.85,NbN,1542,880,7.9,0.68,400,40,10,361,50,252.7,3.42,2
100,5.45,NbN,1541,665,7.1,0.72,0,40,10,360,48,250.8,3.42,2
100,5.25,NbN,1540,543,7.7,0.73,0,40,10,366,43,251.5,3.42,2
100,5.05,NbN,1539,606,7.53,0.71,0,40,10,359,49,250.8,3.42,2
70,4.6,NbN,1537,597,9.1,0.73,400,40,10,361,49,252,3.42,33
55,4.35,NbN,1536,1000,6.35,0.58,400,40,10,361,50,252.7,3.42,2
55,4.1,NbN,1535,850,7.5,0.68,400,40,10,363,48,252.6,3.42,2
55,3.86,NbN,1534,850,7.6,0.68,400,40,10,364,48,253.3,3.42,2
105,23.53,NbN,1522,490,9.4,0.71,400,30,8,350,44,242.3,2.75,11
113,23.28,NbN,1521,550,8.4,0.65,400,30,9,352,49,246.5,2.8,36
115,22.83,NbN,1520,550,7.9,0.62,400,30,10,350,58,250.9,2.86,2
100,32.58,NbN,1519,818,6.5,0.56,400,30,11,352,61,253.9,2.91,2
102,20.59,NbN,1516,540,8.4,0.66,300,40,8,343,39,234.8,3.31,45
108,20.34,NbN,1515,433,7.9,0.65,300,39,8,343,40,235.4,3.25,2
107,19.89,NbN,1514,490,9.6,0.68,300,40,8,344,41,236.7,3.31,43
110,19.64,NbN,1513,425,9.5,0.708,300,40,8,345,40,236.7,3.31,2
120,18.94,NbN,1511,450,9.1,0.66,300,40,10,346,50,243.5,3.42,2
90,17.07,NbN,1505,603,8.7,0.7,300,40,10,350,52,247.2,3.42,2
90,16.82,NbN,1504,575,9,0.69,600,40,10,350,52,247.2,3.42,2
98,16.57,NbN,1503,540,8.6,0.66,300,40,10,352,51,247.8,3.42,39
90,16.15,NbN,1502,550,9.4,0.72,400,40,10,352,51,247.8,3.42,2
93,15.9,NbN,1501,570,9,0.68,300,40,10,353,51,248.4,3.42,2
85,12.32,NbN,1494,505,9.4,0.7375,300,40,10,359,56,255.1,6.84,71
85,12.06,NbN,1493,515,9.225,0.715,300,40,10,360,58,257,6.84,74
80,11.65,NbN,1492,560,9,0.71,300,40,10,363,55,256.9,3.42,39
75,11.41,NbN,1491,560,8.8,0.62,300,40,10,364,56,258.2,3.42,34
75,11.17,NbN,1490,590,9.2,0.71,300,40,10,365,56,258.8,3.42,33
80,10.93,NbN,1489,550,9.4,0.72,300,40,10,365,56,258.8,3.42,33
85,10.52,NbN,1488,490,9.8,0.76,300,40,10,367,55,259.4,3.42,2
87,10.27,NbN,1487,490,9.5,0.68,300,40,10,367,55,259.4,3.42,39
70,9.84,NbN,1486,668,8.8,0.73,300,40,10,368,54,259.4,3.42,2
62,3.02,NbN,1459,580,9.9,0.79,300,40,10,389,48,268.6,3.42,34
60,2.67,NbN,1458,760,8.9,0.68,300,40,10,390,48,269.2,3.42,2
60,2.32,NbN,1457,565,9.9,0.8,300,40,8,392,48,270.5,3.31,2
65,1.69,NbN,1456,673,8,0.7,0,40,9,393,45,269.3,3.36,2
65,1.69,NbN,1455,716,8,0.71,0,40,10,396,50,274.1,3.42,2
65,1.41,NbN,1454,806,7.5,0.72,0,40,11,399,54,278.5,3.47,2
65,1.18,NbN,1453,850,6.8,0.67,0,40,12,401,58,282.2,3.53,2
150,28.6,NbN,1450,570,7.7,0.69,0,40,7.5,323,40,223.1,3.28,2
180,28.3,NbN,1449,344,10,0.65,300,40,7.5,324,40,223.8,3.28,38
150,27.68,NbN,1447,471.5,8.5,0.7224999999999999,0,40,7.5,324,40,223.8,6.56,32
133,26.78,NbN,1444,460,9.7,0.77,300,40,7.5,325,40,224.4,3.28,2
137,26.49,NbN,1443,390,10.2,0.78,300,40,7.5,325,40,224.4,3.28,2
167,25.75,NbN,1441,527,7.68,0.65,0,40,9,326,48,229.9,3.36,2
160,25.5,NbN,1440,520,8.1,0.65,0,40,8,326,42,226.2,3.31,2
155,25.16,NbN,1439,443,8.5,0.71,0,40,7,326,37,223.2,3.25,2
150,24.83,NbN,1438,535,7.1,0.65,0,40,6,327,28,218.3,3.19,2
150,24.46,NbN,1437,373,8.8,0.77,0,40,6,328,29,219.5,3.19,2
150,24.18,NbN,1436,378,7.96,0.76,0,40,5,328,22,215.2,3.14,2
150,23.9,NbN,1435,9,9.3,1.45,0,40,5,328,null,240,3.14,2
150,23.45,NbN,1434,338,10.75,0.73,400,40,8,330,41,228,3.31,2
155,21.42,NbN,1428,290,10.7,0.79,300,40,7,332,35,225.7,3.25,38
93,20.35,NbN,1425,545,9.7,0.8,300,40,7,333,36,226.9,3.25,30
100,19.65,NbN,1423,421,10.45,0.77,500,40,7,334,36,227.5,3.25,2
50,19.3,NbN,1422,1080,7.9,0.68,500,40,7,334,36,227.5,3.25,2
90,18.9,NbN,1421,680,6.9,0.58,500,40,7,335,34,226.8,3.25,2
240,18.55,NbN,1420,109,3,0.98,600,40,3,337,9,212.8,3.03,2
137,18.15,NbN,1419,425,9,0.57,300,40,9,337,49,237.3,3.36,2
115,17.8,NbN,1418,440,10,0.74,300,40,8.5,337,45,234.9,3.33,2
87,17.35,NbN,1417,703,7.9,0.63,300,40,8.5,337,46,235.5,3.33,2
95,17,NbN,1416,551.5,9.600000000000001,0.73,300,40,8.5,338,47,236.7,6.66,32
96,16.45,NbN,1415,650,8.8,0.68,300,40,8.5,339,47,237.3,3.33,30
94,16.1,NbN,1414,572,9.95,0.75,300,40,8.5,341,46,237.9,3.33,30
98,15.75,NbN,1413,470,10.1,0.73,300,40,8.5,341,47,238.5,3.33,30
88,15.4,NbN,1412,670,8.3,0.63,300,40,8.5,342,47,239.1,3.33,30
100,15.06,NbN,1411,435,10.4,0.69,300,40,8.5,343,47,239.7,3.33,24
87,14.7,NbN,1410,530,9.9,0.76,300,40,8.5,343,47,239.7,3.33,34
87,14.35,NbN,1409,600,9.1,0.71,300,40,8.5,343,49,240.9,3.33,34
90,14,NbN,1408,550,9.33,0.71,300,40,8.5,343,50,241.6,3.33,31
85,13.65,NbN,1407,500,10,0.72,300,40,8.5,344,50,242.3,3.33,28
88,13.3,NbN,1406,487,10.2,0.69,300,40,8.5,345,49,242.2,3.33,28
88,12.9,NbN,1405,529,9.4,0.7,300,40,8.5,346,50,243.5,3.33,31
87,12.55,NbN,1404,488,10.2,0.76,300,40,8.5,346,51,244.1,3.33,2
85,12.2,NbN,1403,403,10,0.81,300,40,7,347,41,238.5,3.25,2
85,11.85,NbN,1402,443,10.3,0.77,300,40,7,347,41,238.5,3.25,2
70,0.6,NbN,1376,443,10.5,0.79,400,40,8,403,33,268,3.31,2
95,28.9,NbN,1372,528,9.8,0.74,300,40,7,324,36,221.4,3.25,34
103,28.46,NbN,1371,581,8.5,0.67,300,40,7,324,36,221.4,3.25,34
70,29.73,NbN,1369,1610,3.75,0.41,400,30,12,337,68,249,2.97,2
100,28.12,NbN,1367,480,9.8,0.747,300,40,7,324,36,221.4,3.25,2
107,27.77,NbN,1366,563.5,8.85,0.6485000000000001,300,40,7,325,36,222,6.5,32
112,27.41,NbN,1365,367,10.6,0.77,300,40,7,325,36,222,3.25,2
117,27.15,NbN,1364,537,10.7,0.79,300,40,7,325,36,222,3.25,2
90,26.45,NbN,1363,609,8.8,0.511,300,40,7,326,36,222.6,3.25,2
110,26.1,NbN,1362,430,10,0.8,300,40,7,326,37,223.2,3.25,30
113,25.73,NbN,1361,424.5,10.399999999999999,0.7455,300,40,7,327,37,223.8,6.5,32
90,25.35,NbN,1360,672,8.7,0.655,300,40,7,328,36,223.8,6.5,32
90,25,NbN,1359,480,9.9,0.75,300,40,7,328,36,223.8,3.25,34
107,24.57,NbN,1358,392,10.75,0.8,400,40,7,330,35,224.4,3.25,2
95,24.15,NbN,1357,542,9,0.65,400,40,7,330,35,224.4,3.25,2
70,28.6,NbN,1355,1650,2.2,0.33,400,30,12,340,68,250.8,2.97,2
106,23.12,NbN,1353,410,9.9,0.7945,300,30,7,331,34,224.4,5.38,40
96,22.67,NbN,1352,456,9.9,0.687,300,40,7,332,35,225.7,3.25,2
90,21.97,NbN,1350,560,9.1,0.661,300,40,7,333,35,226.3,3.25,2
90,21.62,NbN,1349,485,10.4,0.7515000000000001,300,40,7,332,36,226.3,6.5,32
100,21.27,NbN,1348,470,9.7,0.733,300,40,7,334,34,226.2,3.25,30
150,26.25,NbN,1347,574,4.8,0.49,300,30,8,343,44,237.9,2.75,2
85,20.3,NbN,1336,543,10,0.6,300,40,7,334,36,227.5,3.25,29
86,19.95,NbN,1335,545,9.8,0.771,300,30,7,335,35,227.5,2.69,30
88,19.6,NbN,1334,555,9.5,0.596,300,40,7,335,36,228.1,3.25,30
88,19.2,NbN,1333,505,9.9,0.7,300,40,7,336,36,228.7,3.25,30
90,18.78,NbN,1332,545,9.8,0.72,400,40,7,337,35,228.8,3.25,2
90,17.94,NbN,1330,573,8.4,0.59,400,40,8,338,43,234.3,3.31,37
83,17.52,NbN,1329,635,8.2,0.59,400,40,8,340,42,234.8,3.31,34
82,17.1,NbN,1328,560,9.4,0.68,300,40,9,341,47,238.5,3.36,2
85,16.74,NbN,1327,570,9.4,0.69,400,40,9,341,47,238.5,3.36,2
80,16.4,NbN,1326,630,9,0.7,400,40,9,343,47,239.7,3.36,34
70,25.73,NbN,1325,1460,4.2,0.47,400,30,12,341,68,251.4,2.97,2
100,25.4,NbN,1324,604,5.7,0.51,400,30,12,347,66,253.9,2.97,2
100,15.63,NbN,1322,430,10.2,0.71,400,40,9,343,48,240.3,3.36,2
180,15.27,NbN,1321,370,8.8,0.63,400,40,15,343,77,258.1,3.7,2
85,14.88,NbN,1319,541,10,0.76,400,40,9,344,49,241.6,3.36,30
85,14.56,NbN,1318,609,9.1,0.7,400,40,9,345,49,242.2,3.36,2
85,14.17,NbN,1317,553,9.9,0.71,400,40,9,346,50,243.5,3.36,2
110,24.26,NbN,1313,499.5,8.45,0.64,600,30,9,343,51,242.2,5.6,20
110,23.89,NbN,1312,512.5,9.2,0.64,400,30,9,344,52,243.5,5.6,20
125,23.44,NbN,1311,610.5,7.199999999999999,0.62,400,30,12,344,68,253.3,5.94,12
900,23.02,NbN,1310,64.5,10.3,0.64,400,30,12,345,68,253.9,5.94,20
115,22.42,NbN,1309,700,7.3,0.66,400,30,12,345,68,253.9,2.97,30
105,22.09,NbN,1308,615,7.9,0.77,400,30,10,346,57,247.7,2.86,2
70,21.73,NbN,1307,1190,5.75,0.56,400,30,12,346,67,253.9,2.97,2
105,20.98,NbN,1306,490,9.3,0.79,400,30,9,347,51,244.7,2.8,2
110,20.66,NbN,1305,514,8.7,0.821,400,30,9,347,52,245.3,2.8,2
110,20.3,NbN,1304,483.5,9.2,0.8049999999999999,400,30,9,348,51,245.3,5.6,32
115,19.61,NbN,1302,440.6667,9.700000000000001,0.8490000000000001,400,30,9,349,51,245.9,8.399999999999999,62
95,18,NbN,1280,560,9.5,0.67,400,30,9,350,51,246.6,2.8,2
70,17.37,NbN,1278,1670,4.9,0.62,400,30,12,354,66,258.2,2.97,2
90,16.74,NbN,1276,520,9.6,0.706,500,30,9,355,49,248.3,2.8,2
105,16.39,NbN,1275,425,10.1,0.693,400,30,9,355,50,249,2.8,2
110,16.13,NbN,1274,442,9.5,0.656,400,30,9,357,50,250.3,2.8,2
113,15.78,NbN,1273,573,9.1,0.595,400,30,11,418,61,294.5,2.91,2
130,15.49,NbN,1272,537,8.4,0.63,400,30,14,358,74,265.6,3.08,2
130,15.16,NbN,1271,462,8.5,0.618,400,30,12,359,66,261.3,2.97,2
130,14.79,NbN,1270,393,9.1,0.646,400,30,10,360,54,254.5,2.86,2
130,14.3,NbN,1267,581,6.3,0.628,0,30,12,360,65,261.2,2.97,2
70,13.58,NbN,1265,950,7.2,0.589,400,30,12,361,64,261.2,2.97,2
105,12.68,NbN,1263,533.5,8.8,0.6785,400,30,12,363,66,263.7,5.94,18
100,12.31,NbN,1262,562,8.54,0.621,400,30,12,365,64,263.7,2.97,2
99,11.74,NbN,1261,519,8.5,0.637,400,30,12,364,66,264.4,2.97,23
70,11.37,NbN,1260,1050,5.3,0.5,400,30,12,365,66,265,2.97,2
95,10.9,NbN,1259,600,8.1,0.65,400,30,12,367,64,264.9,2.97,2
88,9.91,NbN,1257,620,8.4,0.66,400,30,12,368,68,268,2.97,2
82,9.44,NbN,1256,680,7.7,0.62,400,30,12,369,67,226.9,2.97,2
70,8.97,NbN,1255,700,8.5,0.69,400,30,12,369,69,226.9,2.97,2
80,8.61,NbN,1254,560,9,0.64,400,30,12,372,69,228.8,2.97,23
85,7.36,NbN,1244,580,7.7,0.72,20,30,10,375,59,230.6,2.86,2
88,7,NbN,1243,621,8.5,0.66,400,35,17,374,68,230,3.53,2
500,6.6,NbN,1242,60,11.9,0.72,400,30,12,376,70,231.2,2.97,2
70,6.1,NbN,1241,587,9.55,0.72,400,30,12,378,68,232.5,5.94,4
73,5.6,NbN,1239,580,9.5,0.72,400,30,12,378,68,232.5,2.97,2
75,5.17,NbN,1238,560,9.4,0.71,400,30,12,378,68,232.5,2.97,2
95,null,NbN,1224,460,9.6,0.7,300,30,15,null,78,240,3.14,2
90,null,NbN,1223,570,8.5,0.62,300,35,17,null,88,240,3.53,2
88,null,NbN,1222,650,6.9,0.55,300,35,17,null,85,240,3.53,8
80,null,NbN,1220,570,8.77,0.66,300,30,13,null,70,240,3.03,2
70,null,NbN,1219,727,8,0.64,300,35,17,null,79,240,3.53,2
70,null,NbN,1218,675,8,0.61,300,30,13,null,70,240,3.03,2
70,null,NbN,1217,646,8.2,0.65,300,30,13,null,69,240,3.03,2
105,null,NbN,1214,622,8.2,0.65,300,30,12,null,50,240,2.97,2
90,null,NbN,1205,342,12.76,0.81,700,30,8,null,35,240,2.75,18
90,null,NbN,1204,512,9.47,0.64,700,30,8,null,34,240,2.75,2
120,null,NbN,1203,490,9,0.61,400,30,12,null,48,240,2.97,2
120,null,NbN,1202,489,9.17,0.52,500,30,12,null,48,240,2.97,2
120,null,NbN,1201,424.5,9.375,0.7,500,30,10,null,42,240,5.72,5
60,null,NbN,1200,670,9.22,0.7,700,30,8,null,34,240,2.75,2
63,null,NbN,1192,820,7.6,0.6,700,30,8,null,33,240,2.75,2
65,null,NbN,1191,910,6.7,0.55,700,30,10,null,41,240,2.86,2
70,null,NbN,1190,980,6.2,0.5,700,30,12,null,49,240,2.97,2
70,null,NbN,1189,1100,5,0.43,700,30,12,null,49,240,2.97,2
66,null,NbN,1186,870,7.2,0.67,300,30,12,null,49,240,2.97,2
66,null,NbN,1185,940,7.33,0.62,300,30,12,null,49,240,2.97,2
55,19,NbN,1181,1260,5.7,0.58,300,30,12,394,48,242.3,2.97,2
42,19,NbN,1180,1800,4.18,0.48,300,30,12,394,50,242.3,2.97,2
55,null,NbN,1178,1120,1.8,0.59,300,30,12,null,48,240,2.97,2
105,null,NbN,1176,589,9.25,0.65,300,30,12,null,50,240,2.97,16
90,null,NbN,1172,523,8.4,0.7,300,30,17,null,38,240,3.26,2
200,null,NbN,1024,369,8.5,0.58,null,40,20,360,94,278,3.98,2
120,null,NbN,1023,365,10.8,0.69,null,40,15,360,80,269,3.7,2
80,null,NbN,1022,400,11.6,0.77,null,40,10,360,58,255,3.42,2